{
  "Proxifier": 0.33024096488952637,
  "Linux": 1.3263740539550781,
  "Apache": 0.22781014442443848,
  "Zookeeper": 0.34511399269104,
  "Hadoop": 0.4698963165283203,
  "HealthApp": 0.5558943748474121,
  "OpenStack": 0.9867587089538574,
  "HPC": 0.6081714630126953,
  "Mac": 2.207179069519043,
  "OpenSSH": 0.28458690643310547,
  "Spark": 0.2686176300048828,
  "Thunderbird": 0.8986337184906006,
  "BGL": 0.5301074981689453,
  "HDFS": 0.35999250411987305
}