{
  "Proxifier": 0.3479583263397217,
  "Linux": 1.2510197162628174,
  "Apache": 0.2668163776397705,
  "Zookeeper": 0.2728099822998047,
  "Hadoop": 0.4459235668182373,
  "HealthApp": 0.5166356563568115,
  "OpenStack": 0.869560718536377,
  "HPC": 0.5015830993652344,
  "Mac": 1.9645886421203613,
  "OpenSSH": 0.28279829025268555,
  "Spark": 0.27619433403015137,
  "BGL": 0.46675682067871094,
  "HDFS": 0.3364288806915283
}