{
  "Apache": 0.06037497520446777,
  "BGL": 1.2985854148864746,
  "HDFS": 0.09814810752868652,
  "HPC": 48.90708351135254,
  "Hadoop": 0.8817284107208252,
  "HealthApp": 44.82235789299011,
  "Linux": 3.594989061355591,
  "Mac": 18.648385524749756,
  "OpenSSH": 0.06636548042297363,
  "OpenStack": 9.137973308563232,
  "Proxifier": 0.11967134475708008,
  "Spark": 0.7311446666717529,
  "Zookeeper": 0.17846083641052246
}