{
  "Proxifier": 2.674302816390991,
  "Linux": 2.348540782928467,
  "Apache": 4.5810546875,
  "Zookeeper": 6.274654865264893,
  "Hadoop": 16.981578826904297,
  "HealthApp": 16.38631272315979,
  "OpenStack": 61.711528062820435,
  "HPC": 33.83689785003662,
  "Mac": 15.388427734375,
  "OpenSSH": 65.5948543548584,
  "Spark": 2415.3354012966156,
  "BGL": 435.88954734802246,
  "HDFS": 1401.2105855941772
}