{
  "Proxifier": 2.7939741611480713,
  "Linux": 5.943529844284058,
  "Apache": 4.641429662704468,
  "Zookeeper": 6.453115701675415,
  "Hadoop": 17.863307237625122,
  "HealthApp": 61.2086706161499,
  "OpenStack": 70.84950137138367,
  "HPC": 82.74398136138916,
  "Mac": 34.036813259124756,
  "OpenSSH": 65.66121983528137,
  "Spark": 2416.0665459632874,
  "BGL": 437.18813276290894,
  "HDFS": 1401.308733701706
}