{
  "Proxifier": 0.30809545516967773,
  "Linux": 0.24029111862182617,
  "Apache": 0.19336581230163574,
  "Zookeeper": 0.20326614379882812,
  "Hadoop": 0.23945975303649902,
  "HealthApp": 0.18384957313537598,
  "OpenStack": 0.4342787265777588,
  "HPC": 0.190934419631958,
  "Mac": 0.35190892219543457,
  "OpenSSH": 0.23998069763183594,
  "Spark": 0.20284247398376465,
  "BGL": 0.22770404815673828,
  "HDFS": 0.2442798614501953
}