{
  "Proxifier": 0.27893495559692383,
  "Linux": 0.23070359230041504,
  "Apache": 0.1804215908050537,
  "Zookeeper": 0.19218659400939941,
  "Hadoop": 0.22498846054077148,
  "HealthApp": 0.20211410522460938,
  "OpenStack": 0.43225693702697754,
  "HPC": 0.17554378509521484,
  "Mac": 0.3212273120880127,
  "OpenSSH": 0.21997618675231934,
  "Spark": 0.20308947563171387,
  "Thunderbird": 0.23417401313781738,
  "BGL": 0.22762012481689453,
  "HDFS": 0.22667360305786133
}