{
  "Proxifier": 0.2757394313812256,
  "Linux": 0.2402806282043457,
  "Apache": 0.19614648818969727,
  "Zookeeper": 0.2665138244628906,
  "Hadoop": 0.24572086334228516,
  "HealthApp": 0.19027495384216309,
  "OpenStack": 0.4783329963684082,
  "HPC": 0.25442934036254883,
  "Mac": 0.37224483489990234,
  "OpenSSH": 0.24011540412902832,
  "Spark": 0.20476603507995605,
  "Thunderbird": 0.25344395637512207,
  "BGL": 0.24069476127624512,
  "HDFS": 0.2497847080230713
}