{
  "Proxifier": 0.251206636428833,
  "Linux": 0.21419620513916016,
  "Apache": 0.16922783851623535,
  "Zookeeper": 0.1772933006286621,
  "Hadoop": 0.2177445888519287,
  "HealthApp": 0.17603325843811035,
  "OpenStack": 0.42107605934143066,
  "HPC": 0.17963933944702148,
  "Mac": 0.3434031009674072,
  "OpenSSH": 0.23604989051818848,
  "Spark": 0.19385242462158203,
  "Thunderbird": 0.23873257637023926,
  "BGL": 0.23282933235168457,
  "HDFS": 0.24974274635314941
}