{
  "Proxifier": 0.3186342716217041,
  "Linux": 0.2359018325805664,
  "Apache": 0.19402480125427246,
  "Zookeeper": 0.2041325569152832,
  "Hadoop": 0.23395514488220215,
  "HealthApp": 0.1845102310180664,
  "OpenStack": 0.44371652603149414,
  "HPC": 0.19192266464233398,
  "Mac": 0.3638899326324463,
  "OpenSSH": 0.24057245254516602,
  "Spark": 0.22072887420654297,
  "Thunderbird": 0.23998212814331055,
  "BGL": 0.2286529541015625,
  "HDFS": 0.24699759483337402
}