{
  "Apache": 0.03166365623474121,
  "BGL": 0.2894127368927002,
  "HDFS": 0.11020779609680176,
  "HPC": 0.3537421226501465,
  "Hadoop": 0.22417545318603516,
  "HealthApp": 0.365619421005249,
  "Linux": 1.0860934257507324,
  "Mac": 1.8349342346191406,
  "OpenSSH": 0.04447150230407715,
  "OpenStack": 0.5084257125854492,
  "Proxifier": 0.05450153350830078,
  "Spark": 0.06385159492492676,
  "Thunderbird": 0.6451897621154785,
  "Zookeeper": 0.07860016822814941
}