{
  "Apache": 0.07345056533813477,
  "BGL": 0.23905277252197266,
  "HDFS": 0.09214901924133301,
  "HPC": 0.31064867973327637,
  "Hadoop": 0.20646381378173828,
  "HealthApp": 0.33278608322143555,
  "Linux": 1.0107285976409912,
  "Mac": 1.6126797199249268,
  "OpenSSH": 0.04281759262084961,
  "OpenStack": 0.43528199195861816,
  "Proxifier": 0.039862871170043945,
  "Spark": 0.07335186004638672,
  "Zookeeper": 0.06954383850097656
}