{
  "Apache": 0.07622289657592773,
  "BGL": 0.2659931182861328,
  "HDFS": 0.09158730506896973,
  "HPC": 0.3422403335571289,
  "Hadoop": 0.20059871673583984,
  "HealthApp": 0.4233081340789795,
  "Linux": 1.074523687362671,
  "Mac": 1.7961711883544922,
  "OpenSSH": 0.04113149642944336,
  "OpenStack": 0.5214228630065918,
  "Proxifier": 0.04533100128173828,
  "Spark": 0.06653070449829102,
  "Thunderbird": 0.6805248260498047,
  "Zookeeper": 0.08415913581848145
}