{
  "Apache": 0.08830618858337402,
  "BGL": 0.2262275218963623,
  "HDFS": 0.09735345840454102,
  "HPC": 0.3638954162597656,
  "Hadoop": 0.1582183837890625,
  "HealthApp": 0.32117700576782227,
  "Linux": 1.044006109237671,
  "Mac": 1.8382072448730469,
  "OpenSSH": 0.040853023529052734,
  "OpenStack": 0.4131639003753662,
  "Proxifier": 0.04329514503479004,
  "Spark": 0.061425209045410156,
  "Thunderbird": 0.6177237033843994,
  "Zookeeper": 0.09087944030761719
}